{"cameraMode":{"drawMode":0,"name":"Shaded","section":"Shading Mode"},"sceneLighting":true,"audioPlay":false,"sceneViewState":{"m_AlwaysRefresh":false,"showFog":true,"showSkybox":true,"showFlares":true,"showImageEffects":true,"showParticleSystems":true,"showVisualEffectGraphs":true,"m_FxEnabled":true},"in2DMode":false,"pivot":{"x":-57.94261932373047,"y":0.7687883377075195,"z":-22.320768356323243},"rotation":{"x":-0.0018881403375416995,"y":-0.9910426139831543,"z":0.13290339708328248,"w":-0.014081757515668869},"size":1.075162410736084,"orthographic":false}